{"cameraMode":{"drawMode":0,"name":"Shaded","section":"Shading Mode"},"sceneLighting":false,"audioPlay":false,"sceneViewState":{"showFog":false,"showMaterialUpdate":false,"showSkybox":false,"showFlares":false,"showImageEffects":false,"showParticleSystems":false},"in2DMode":false,"pivot":{"x":2.184497356414795,"y":2.3855702877044679,"z":-5.23828125},"rotation":{"x":0.165293887257576,"y":-0.19678865373134614,"z":0.033678870648145679,"w":0.9658249616622925},"size":0.6029121279716492,"orthographic":false}