{"cameraMode":{"drawMode":0,"name":"Shaded","section":"Shading Mode"},"sceneLighting":false,"audioPlay":false,"sceneViewState":{"showFog":false,"showMaterialUpdate":false,"showSkybox":false,"showFlares":false,"showImageEffects":false,"showParticleSystems":false},"in2DMode":false,"pivot":{"x":418.9834289550781,"y":338.49755859375,"z":24.540283203125},"rotation":{"x":-0.09585072100162506,"y":0.005972657352685928,"z":-0.0005755456513725221,"w":-0.9953776597976685},"size":1214.1099853515625,"orthographic":false}