{"cameraMode":{"drawMode":0,"name":"Shaded","section":"Shading Mode"},"sceneLighting":true,"audioPlay":false,"sceneViewState":{"showFog":false,"showMaterialUpdate":false,"showSkybox":false,"showFlares":false,"showImageEffects":false,"showParticleSystems":false},"in2DMode":false,"pivot":{"x":10.194119453430176,"y":3.6363396644592287,"z":-0.16191482543945313},"rotation":{"x":-0.03299295902252197,"y":-0.005996478255838156,"z":0.00019738430273719132,"w":-0.9994376301765442},"size":10.948533058166504,"orthographic":false}