{"cameraMode":{"drawMode":1,"name":"Wireframe","section":"Shading Mode"},"sceneLighting":true,"audioPlay":false,"sceneViewState":{"showFog":false,"showMaterialUpdate":false,"showSkybox":false,"showFlares":false,"showImageEffects":false,"showParticleSystems":false},"in2DMode":false,"pivot":{"x":4.3741278648376469,"y":2.357649326324463,"z":-4.566141128540039},"rotation":{"x":-0.1535012423992157,"y":-0.20298102498054505,"z":0.03223646804690361,"w":-0.9665386080741882},"size":12.407492637634278,"orthographic":false}