{"cameraMode":{"drawMode":0,"name":"Shaded","section":"Shading Mode"},"sceneLighting":true,"audioPlay":false,"sceneViewState":{"showFog":false,"showMaterialUpdate":false,"showSkybox":false,"showFlares":false,"showImageEffects":false,"showParticleSystems":false},"in2DMode":false,"pivot":{"x":20.35491180419922,"y":7.165916919708252,"z":-0.050395965576171878},"rotation":{"x":-0.03299295902252197,"y":-0.005996478255838156,"z":0.00019738430273719132,"w":-0.9994376301765442},"size":32.71119689941406,"orthographic":false}